{
  "best_metric": null,
  "best_model_checkpoint": null,
  "epoch": 2.0,
  "eval_steps": 500,
  "global_step": 500,
  "is_hyper_param_search": false,
  "is_local_process_zero": true,
  "is_world_process_zero": true,
  "log_history": [
    {
      "epoch": 1.0,
      "eval_accuracy": 0.8995,
      "eval_f1": 0.8986892644146477,
      "eval_loss": 0.34126177430152893,
      "eval_runtime": 13.6121,
      "eval_samples_per_second": 146.929,
      "eval_steps_per_second": 2.351,
      "step": 250
    },
    {
      "epoch": 2.0,
      "learning_rate": 0.0,
      "loss": 0.5624,
      "step": 500
    }
  ],
  "logging_steps": 500,
  "max_steps": 500,
  "num_train_epochs": 2,
  "save_steps": 500,
  "total_flos": 720342861696000.0,
  "trial_name": null,
  "trial_params": null
}
